region,cut_com,commune,forms,news,search,webmap,streetmap,transport,socialmedia,email,phone,mobile,transac,followup,digital_certificate,citizen,payments,personalization,part
ARICA Y PARINACOTA,15101,ARICA,1,1,0,0,1,0,1,1,1,0,1,0,1,0,1,0,0
ARICA Y PARINACOTA,15102,CAMARONES,1,1,0,1,1,0,1,0,1,0,0,0,0,1,0,0,0
ARICA Y PARINACOTA,15201,GENERAL LAGOS,1,1,1,0,1,0,1,0,1,0,0,0,0,0,0,0,0
ARICA Y PARINACOTA,15201,PUTRE,1,1,0,1,0,1,1,0,1,0,0,0,0,0,0,0,0
TARAPACA,1107,ALTO HOSPICIO,1,1,1,0,1,0,1,0,1,0,1,0,0,0,0,0,0
TARAPACA,1402,CAMIÑA,1,0,0,0,0,0,0,1,0,1,0,0,0,1,0,0,0
TARAPACA,1403,COLCHANE,1,1,0,0,0,0,0,1,0,1,0,0,0,0,0,0,0
TARAPACA,1404,HUARA,1,0,1,1,1,0,1,1,1,1,0,0,0,1,0,0,0
TARAPACA,1101,IQUIQUE,1,0,0,0,0,0,1,1,1,0,1,0,1,0,1,0,0
TARAPACA,1405,PICA,1,0,0,0,1,0,1,1,1,0,0,0,1,1,0,0,0
TARAPACA,1401,POZO ALMONTE,1,0,0,0,1,0,1,0,1,0,0,0,0,0,0,0,0
ANTOFAGASTA,2101,ANTOFAGASTA,1,1,0,1,1,0,1,1,1,0,1,0,1,0,1,0,0
ANTOFAGASTA,2201,CALAMA,1,0,0,0,1,0,1,1,1,0,1,0,1,0,1,0,0
ANTOFAGASTA,2302,MARIA ELENA,1,0,0,1,0,0,1,1,1,0,0,0,0,1,0,0,0
ANTOFAGASTA,2102,MEJILLONES,1,0,0,1,1,0,1,1,1,0,1,0,1,1,1,0,0
ANTOFAGASTA,2202,OLLAGUE,1,0,1,0,1,0,1,0,1,0,0,0,0,0,0,0,0
ANTOFAGASTA,2203,SAN PEDRO DE ATACAMA,1,0,0,1,1,1,1,1,1,0,0,0,0,0,0,0,0
ANTOFAGASTA,2103,SIERRA GORDA,1,1,0,0,1,0,1,1,1,0,0,0,0,1,0,0,0
ANTOFAGASTA,2104,TALTAL,1,1,0,1,1,1,1,1,1,0,1,0,1,1,1,0,0
ANTOFAGASTA,2301,TOCOPILLA,1,0,0,0,0,1,1,1,1,0,1,0,0,1,0,0,0
ATACAMA,3302,ALTO DEL CARMEN,1,0,0,1,0,0,1,1,1,0,0,0,0,0,0,0,0
ATACAMA,3102,CALDERA,1,0,1,0,1,0,1,1,1,1,1,0,0,1,0,0,0
ATACAMA,3201,CHAÑARAL,1,1,0,1,0,0,1,1,1,0,0,0,0,1,0,0,0
ATACAMA,3101,COPIAPO,1,1,0,0,0,0,1,1,1,0,0,0,0,1,0,0,0
ATACAMA,3202,DIEGO DE ALMAGRO,1,1,0,0,0,0,1,1,1,0,0,0,0,1,0,0,0
ATACAMA,3303,FREIRINA,1,0,1,0,1,0,1,1,1,1,1,0,0,0,0,0,0
ATACAMA,3304,HUASCO,1,0,0,0,1,0,1,1,1,0,1,0,0,0,0,0,0
ATACAMA,3103,TIERRA AMARILLA,1,0,0,0,0,1,0,0,0,0,1,0,0,1,0,0,0
ATACAMA,3301,VALLENAR,1,0,0,0,1,1,1,1,1,1,0,0,0,1,0,0,0
COQUIMBO,4103,ANDACOLLO,1,1,1,0,0,1,0,0,0,0,1,0,0,1,0,0,0
COQUIMBO,4202,CANELA,1,1,1,0,0,0,1,1,1,0,1,0,0,0,0,0,0
COQUIMBO,4302,COMBARBALA,1,1,1,0,1,0,1,0,0,0,1,0,0,1,1,0,0
COQUIMBO,4102,COQUIMBO,1,1,1,0,1,1,1,1,1,0,1,0,0,1,1,0,0
COQUIMBO,4201,ILLAPEL,0,1,1,0,0,0,1,1,1,0,0,0,0,1,0,0,0
COQUIMBO,4104,LA HIGUERA,1,1,1,0,0,0,1,1,1,0,0,0,0,0,0,0,0
COQUIMBO,4101,LA SERENA,1,1,1,0,1,0,1,1,1,0,1,0,0,1,1,0,0
COQUIMBO,4203,LOS VILOS,1,1,1,0,1,0,1,1,1,0,1,0,0,1,0,0,0
COQUIMBO,4303,MONTE PATRIA,1,1,1,0,1,1,1,1,1,0,1,0,0,1,1,0,0
COQUIMBO,4301,OVALLE,1,1,1,0,1,1,1,1,1,0,1,0,0,1,1,0,0
COQUIMBO,4105,PAIHUANO,1,1,0,0,1,0,1,1,1,0,1,0,0,0,0,0,0
COQUIMBO,4304,PUNITAQUI,1,1,1,0,0,0,1,1,0,0,1,0,1,0,1,0,0
COQUIMBO,4305,RIO HURTADO,1,0,0,1,0,0,1,1,1,0,1,0,1,0,1,0,0
COQUIMBO,4204,SALAMANCA,,,,,,,,,,,,,,,,,
COQUIMBO,4106,VICUÑA,1,1,1,0,1,0,1,1,1,0,1,0,0,0,1,0,0
VALPARAISO,5602,ALGARROBO,1,1,0,0,1,0,1,1,1,0,1,1,1,1,1,0,0
VALPARAISO,5402,CABILDO,1,1,1,0,0,0,1,0,1,0,1,0,0,1,1,0,0
VALPARAISO,5502,CALERA,1,1,1,0,0,0,1,0,1,0,1,1,0,0,1,0,0
VALPARAISO,5302,CALLE LARGA,1,1,1,0,1,1,1,0,1,0,1,0,0,1,1,0,0
VALPARAISO,5603,CARTAGENA,0,1,1,0,1,0,1,1,1,0,0,0,0,0,0,0,0
VALPARAISO,5102,CASABLANCA,1,1,0,0,0,0,1,1,1,0,0,0,0,0,0,0,0
VALPARAISO,5702,CATEMU,1,1,1,0,1,0,1,1,1,0,1,1,1,0,1,0,0
VALPARAISO,5103,CONCON,1,1,1,0,1,0,1,1,1,0,1,1,1,1,0,0,0
VALPARAISO,5604,EL QUISCO,1,1,1,1,1,0,1,1,1,0,1,1,1,1,1,0,1
VALPARAISO,5605,EL TABO,1,1,0,0,0,1,1,1,1,0,1,0,0,1,1,0,0
VALPARAISO,5503,HIJUELAS,1,1,0,0,0,0,1,1,1,0,1,0,0,0,1,0,0
VALPARAISO,5201,ISLA DE PASCUA,1,1,1,0,0,0,1,1,1,0,0,0,0,0,0,0,0
VALPARAISO,5104,JUAN FERNANDEZ,1,1,1,0,1,0,1,1,1,0,0,0,0,0,0,0,0
VALPARAISO,5504,LA CRUZ,0,1,0,0,1,0,1,1,1,0,1,0,0,0,1,0,0
VALPARAISO,5401,LA LIGUA,1,1,1,0,1,0,1,1,1,0,1,0,0,0,1,0,0
VALPARAISO,5802,LIMACHE,1,1,0,0,1,0,1,1,1,0,1,0,0,1,1,0,0
VALPARAISO,5703,LLAY-LLAY,1,1,0,0,1,0,1,1,1,0,0,0,0,0,0,0,0
VALPARAISO,5301,LOS ANDES,1,1,1,0,1,0,1,1,1,0,1,0,1,1,1,0,0
VALPARAISO,5506,NOGALES,1,1,0,0,0,0,1,0,1,0,1,0,0,1,0,0,0
VALPARAISO,5803,OLMUE,1,1,0,0,0,0,1,1,1,0,1,1,0,1,1,0,1
VALPARAISO,5704,PANQUEHUE,1,1,0,0,0,0,1,1,1,0,1,1,1,0,1,0,0
VALPARAISO,5403,PAPUDO,1,1,0,0,1,0,1,1,1,0,1,0,0,0,1,0,1
VALPARAISO,5404,PETORCA,0,1,0,1,1,1,1,1,1,0,1,0,0,0,1,0,0
VALPARAISO,5105,PUCHUNCAVI,1,1,1,0,1,0,1,1,1,0,1,0,0,1,1,0,0
VALPARAISO,5705,PUTAENDO,1,1,1,0,1,0,1,0,1,0,0,0,0,0,0,0,0
VALPARAISO,5501,QUILLOTA,0,1,1,1,0,1,1,1,1,0,1,1,0,0,1,0,0
VALPARAISO,5801,QUILPUE,1,1,1,0,0,1,1,0,1,1,1,1,0,0,1,0,0
VALPARAISO,5107,QUINTERO,0,1,1,1,0,0,1,0,1,0,1,1,0,0,1,0,0
VALPARAISO,5303,RINCONADA,1,1,0,0,1,0,1,1,1,0,1,0,0,0,1,0,0
VALPARAISO,5601,SAN ANTONIO,1,1,1,0,1,0,1,1,1,0,1,0,1,1,1,0,1
VALPARAISO,5304,SAN ESTEBAN,1,1,0,0,1,0,1,1,1,0,1,0,0,1,1,0,1
VALPARAISO,5701,SAN FELIPE,1,1,0,0,1,0,1,1,1,0,1,1,1,1,1,0,0
VALPARAISO,5706,SANTA MARIA,1,1,1,0,0,0,1,1,1,0,1,0,0,0,1,0,0
VALPARAISO,5606,SANTO DOMINGO,1,1,0,1,1,0,1,1,1,0,1,1,0,1,1,0,1
VALPARAISO,5101,VALPARAISO,1,1,0,0,0,0,1,1,1,0,1,1,0,0,1,0,1
VALPARAISO,5804,VILLA ALEMANA,1,1,0,0,0,0,1,0,1,0,1,1,1,1,1,0,0
VALPARAISO,5109,VIÑA DEL MAR,1,1,1,0,1,0,1,1,1,0,1,0,0,1,1,0,1
VALPARAISO,5405,ZAPALLAR,1,1,0,0,0,0,1,1,1,0,1,0,0,1,0,0,0
METROPOLITANA,13502,ALHUE,1,1,1,1,0,0,0,1,1,0,1,0,0,1,1,0,0
METROPOLITANA,13402,BUIN,0,1,1,1,1,0,1,1,1,0,1,0,0,0,1,0,0
METROPOLITANA,13403,CALERA DE TANGO,1,1,0,1,0,0,0,0,1,0,1,0,0,0,1,0,0
METROPOLITANA,13102,CERRILLOS,1,1,1,1,0,0,1,1,1,0,1,0,0,1,1,0,0
METROPOLITANA,13103,CERRO NAVIA,1,1,0,1,1,0,1,1,1,0,1,0,0,1,1,0,0
METROPOLITANA,13301,COLINA,1,1,1,1,1,0,1,1,1,0,1,1,1,1,1,0,0
METROPOLITANA,13104,CONCHALI,1,1,1,1,1,0,1,0,1,0,1,0,0,0,1,0,1
METROPOLITANA,13503,CURACAVI,1,1,0,1,0,0,1,1,1,0,1,0,1,1,1,0,0
METROPOLITANA,13105,EL BOSQUE,1,1,1,1,1,1,1,0,1,0,1,0,1,1,1,0,0
METROPOLITANA,13602,EL MONTE,0,1,1,1,1,0,0,1,1,0,0,0,0,0,0,0,0
METROPOLITANA,13106,ESTACION CENTRAL,1,1,1,1,0,1,1,1,1,0,1,0,0,1,1,0,0
METROPOLITANA,13107,HUECHURABA,1,1,1,1,0,0,1,0,1,0,1,0,0,1,1,0,0
METROPOLITANA,13108,INDEPENDENCIA,1,1,1,1,1,0,1,1,1,0,1,0,1,0,1,0,0
METROPOLITANA,13603,ISLA DE MAIPO,1,1,1,1,0,0,1,1,1,0,1,0,0,0,1,0,0
METROPOLITANA,13109,LA CISTERNA,1,1,1,1,0,0,1,1,1,0,1,0,1,0,1,0,0
METROPOLITANA,13110,LA FLORIDA,1,1,1,1,1,0,1,0,1,0,1,0,1,0,1,0,0
METROPOLITANA,13111,LA GRANJA,1,1,1,1,0,0,1,0,1,0,1,1,1,1,1,1,0
METROPOLITANA,13302,LAMPA,1,1,0,1,0,0,1,1,1,0,1,0,1,1,1,0,0
METROPOLITANA,13112,LA PINTANA,1,1,1,1,1,1,0,1,1,0,1,0,1,1,1,0,0
METROPOLITANA,13113,LA REINA,1,1,0,1,0,0,1,0,1,0,1,0,1,0,1,0,0
METROPOLITANA,13114,LAS CONDES,1,1,1,1,1,0,1,0,1,0,1,1,1,1,1,1,1
METROPOLITANA,13115,LO BARNECHEA,1,1,1,1,1,1,1,1,1,0,1,1,1,0,1,0,0
METROPOLITANA,13116,LO ESPEJO,1,1,0,1,1,0,1,1,1,0,1,0,0,0,1,0,0
METROPOLITANA,13117,LO PRADO,1,1,1,1,0,0,1,0,1,0,1,0,1,1,1,0,0
METROPOLITANA,13118,MACUL,1,1,1,1,1,0,1,1,1,0,1,0,0,0,1,0,0
METROPOLITANA,13119,MAIPU,1,1,1,1,0,0,1,1,1,0,1,0,1,0,1,0,0
METROPOLITANA,13504,MARIA PINTO,1,1,0,1,1,1,1,1,1,0,1,0,1,1,1,0,0
METROPOLITANA,13501,MELIPILLA,1,1,1,1,0,0,1,0,1,0,1,0,1,1,1,0,0
METROPOLITANA,13120,ÑUÑOA,1,1,1,1,0,0,1,1,0,0,1,0,1,1,1,0,0
METROPOLITANA,13604,PADRE HURTADO,1,1,1,1,1,1,1,1,1,0,1,0,1,1,1,0,0
METROPOLITANA,13404,PAINE,0,0,1,1,1,0,1,1,1,0,1,0,0,0,1,0,0
METROPOLITANA,13121,PEDRO AGUIRRE CERDA,1,0,1,1,0,0,1,1,1,0,1,0,1,1,1,0,0
METROPOLITANA,13605,PEÑAFLOR,1,0,1,1,0,0,1,0,0,0,1,0,1,1,1,0,1
METROPOLITANA,13122,PEÑALOLEN,1,1,1,1,1,1,1,0,1,0,1,0,1,1,1,0,0
METROPOLITANA,13202,PIRQUE,1,1,0,1,0,0,1,1,1,1,1,0,0,0,1,0,0
METROPOLITANA,13123,PROVIDENCIA,1,1,1,1,1,1,1,1,1,0,1,0,1,0,1,0,0
METROPOLITANA,13124,PUDAHUEL,1,0,1,1,1,0,1,1,1,0,1,0,1,1,1,1,1
METROPOLITANA,13201,PUENTE ALTO,1,0,1,1,1,1,1,1,1,0,1,0,1,0,1,0,0
METROPOLITANA,13125,QUILICURA,1,0,1,1,0,0,1,0,1,0,1,0,1,1,1,0,0
METROPOLITANA,13126,QUINTA NORMAL,1,1,1,1,1,0,1,0,1,0,1,0,1,1,1,0,0
METROPOLITANA,13127,RECOLETA,1,1,1,1,1,1,1,1,1,0,1,1,1,0,1,0,1
METROPOLITANA,13128,RENCA,1,1,1,1,0,0,1,1,1,0,1,1,1,0,1,0,0
METROPOLITANA,13401,SAN BERNARDO,1,1,0,1,0,0,1,1,1,0,1,0,1,0,1,0,0
METROPOLITANA,13129,SAN JOAQUIN,1,0,1,1,0,0,1,0,1,0,0,0,0,1,0,0,0
METROPOLITANA,13203,SAN JOSE DE MAIPO,1,0,1,1,1,1,1,0,1,0,1,0,1,1,0,0,0
METROPOLITANA,13130,SAN MIGUEL,1,1,0,1,0,0,1,1,1,0,1,0,0,1,1,0,0
METROPOLITANA,13505,SAN PEDRO,1,0,1,0,0,0,1,1,1,0,0,0,1,1,0,0,0
METROPOLITANA,13131,SAN RAMON,1,1,0,0,1,0,1,0,1,0,1,0,1,0,1,0,0
METROPOLITANA,13101,SANTIAGO,1,1,1,1,1,0,1,1,1,1,1,1,1,0,1,0,0
METROPOLITANA,13601,TALAGANTE,1,0,0,1,0,0,1,1,1,0,1,0,0,0,1,0,0
METROPOLITANA,13303,TILTIL,1,0,1,0,0,0,1,1,1,0,0,0,0,0,0,0,0
METROPOLITANA,13132,VITACURA,1,1,1,1,1,0,1,1,1,0,1,1,1,1,1,1,1
LIBERTADOR BERNARDO O'HIGGINS,6302,CHEPICA,1,0,0,0,0,0,1,1,1,0,0,0,0,0,0,0,0
LIBERTADOR BERNARDO O'HIGGINS,6303,CHIMBARONGO,1,0,0,0,1,0,1,1,1,0,1,0,1,1,1,0,0
LIBERTADOR BERNARDO O'HIGGINS,6102,CODEGUA,1,0,0,0,1,0,1,0,1,0,1,0,0,0,1,0,0
LIBERTADOR BERNARDO O'HIGGINS,6103,COINCO,1,0,1,0,0,0,1,1,1,0,1,0,1,0,1,0,0
LIBERTADOR BERNARDO O'HIGGINS,6104,COLTAUCO,0,0,0,0,0,0,0,1,1,0,1,0,1,1,1,0,0
LIBERTADOR BERNARDO O'HIGGINS,6105,DOÑIHUE,0,0,0,0,0,0,1,1,1,0,1,0,0,1,1,0,0
LIBERTADOR BERNARDO O'HIGGINS,6106,GRANEROS,0,0,0,0,0,0,1,1,1,0,1,0,1,1,1,0,0
LIBERTADOR BERNARDO O'HIGGINS,6202,LA ESTRELLA,1,0,1,0,0,0,1,1,0,0,1,0,0,0,1,0,0
LIBERTADOR BERNARDO O'HIGGINS,6107,LAS CABRAS,1,0,1,0,0,0,1,1,1,0,1,0,1,1,1,0,0
LIBERTADOR BERNARDO O'HIGGINS,6203,LITUECHE,0,0,0,0,1,0,1,0,1,0,1,0,1,1,1,0,0
LIBERTADOR BERNARDO O'HIGGINS,6304,LOLOL,0,1,1,0,1,0,0,1,1,0,1,0,1,1,1,0,0
LIBERTADOR BERNARDO O'HIGGINS,6108,MACHALI,1,0,1,1,1,0,1,0,1,0,1,0,1,1,1,0,0
LIBERTADOR BERNARDO O'HIGGINS,6109,MALLOA,,,,,,,,,,,,,,,,,
LIBERTADOR BERNARDO O'HIGGINS,6204,MARCHIGUE,1,1,0,0,1,0,1,1,1,0,1,0,1,1,1,0,0
LIBERTADOR BERNARDO O'HIGGINS,6110,MOSTAZAL,1,0,0,0,1,0,1,1,1,0,1,0,1,0,1,0,0
LIBERTADOR BERNARDO O'HIGGINS,6305,NANCAGUA,1,1,1,0,1,0,1,1,1,0,1,0,0,0,1,0,0
LIBERTADOR BERNARDO O'HIGGINS,6205,NAVIDAD,1,0,0,0,0,0,0,1,1,0,1,0,1,1,1,0,0
LIBERTADOR BERNARDO O'HIGGINS,6111,OLIVAR,1,1,1,0,1,0,1,1,1,0,0,0,1,1,0,0,0
LIBERTADOR BERNARDO O'HIGGINS,6306,PALMILLA,0,0,0,0,1,0,0,0,1,0,1,0,1,1,1,0,0
LIBERTADOR BERNARDO O'HIGGINS,6206,PAREDONES,1,1,1,1,1,0,1,1,1,0,1,0,1,1,1,1,0
LIBERTADOR BERNARDO O'HIGGINS,6307,PERALILLO,1,0,0,0,1,0,1,0,0,0,1,0,1,1,0,0,0
LIBERTADOR BERNARDO O'HIGGINS,6112,PEUMO,1,0,1,0,0,0,1,1,1,0,1,0,0,1,1,0,0
LIBERTADOR BERNARDO O'HIGGINS,6113,PICHIDEGUA,1,0,1,0,0,0,0,0,1,0,0,0,0,0,0,0,0
LIBERTADOR BERNARDO O'HIGGINS,6201,PICHILEMU,1,1,1,1,1,1,1,0,1,0,1,0,1,0,1,0,0
LIBERTADOR BERNARDO O'HIGGINS,6308,PLACILLA,1,1,0,0,1,0,0,0,1,0,1,0,0,1,1,0,0
LIBERTADOR BERNARDO O'HIGGINS,6309,PUMANQUE,1,0,1,0,1,0,0,1,1,0,1,0,0,1,1,0,0
LIBERTADOR BERNARDO O'HIGGINS,6114,QUINTA DE TILCOCO,0,0,0,0,1,0,0,0,1,0,1,0,0,0,1,0,0
LIBERTADOR BERNARDO O'HIGGINS,6101,RANCAGUA,1,1,0,1,0,0,1,1,1,0,1,0,1,0,1,0,0
LIBERTADOR BERNARDO O'HIGGINS,6115,RENGO,1,1,1,1,0,0,1,0,1,0,1,0,0,0,1,0,0
LIBERTADOR BERNARDO O'HIGGINS,6116,REQUINOA,1,1,0,1,1,0,1,0,1,0,1,0,0,1,1,0,0
LIBERTADOR BERNARDO O'HIGGINS,6301,SAN FERNANDO,1,0,1,1,0,0,1,0,1,0,1,0,0,1,1,0,0
LIBERTADOR BERNARDO O'HIGGINS,6310,SANTA CRUZ,1,0,1,0,0,0,1,0,1,0,0,0,0,0,0,0,0
LIBERTADOR BERNARDO O'HIGGINS,6117,SAN VICENTE,1,1,1,1,0,0,1,0,1,0,0,0,0,1,0,0,0
MAULE,7201,CAUQUENES,,,,,,,,,,,,,,,,,
MAULE,7202,CHANCO,1,0,1,1,1,1,1,1,1,0,0,0,0,1,0,0,0
MAULE,7402,COLBUN,1,1,0,0,0,0,1,1,1,0,1,0,0,0,1,0,0
MAULE,7102,CONSTITUCION,1,0,1,0,0,0,1,1,1,0,0,0,0,0,0,0,0
MAULE,7103,CUREPTO,1,0,1,0,1,1,1,1,1,0,0,0,0,0,0,0,0
MAULE,7301,CURICO,1,1,0,0,1,0,1,1,1,0,1,0,0,1,1,0,0
MAULE,7104,EMPEDRADO,1,0,1,0,0,0,1,1,1,0,1,0,0,1,1,0,0
MAULE,7302,HUALAÑE,1,0,1,0,0,0,1,1,1,0,1,0,0,1,1,0,0
MAULE,7303,LICANTEN,1,0,0,0,1,1,1,0,1,0,1,0,0,1,1,0,0
MAULE,7401,LINARES,1,1,0,1,0,0,1,0,1,0,1,0,1,0,1,0,0
MAULE,7403,LONGAVI,1,1,1,1,0,0,1,0,1,0,1,0,1,0,1,0,0
MAULE,7105,MAULE,1,0,0,0,0,0,1,1,1,0,1,1,1,1,1,0,0
MAULE,7304,MOLINA,1,0,1,1,0,1,1,0,1,0,1,1,1,1,1,0,0
MAULE,7404,PARRAL,1,1,0,0,0,1,1,1,1,0,1,0,0,1,1,0,0
MAULE,7106,PELARCO,1,0,1,0,0,0,1,1,1,1,1,0,1,1,1,0,0
MAULE,7203,PELLUHUE,1,1,0,0,1,1,1,1,1,0,1,0,0,1,1,0,0
MAULE,7107,PENCAHUE,1,0,0,0,0,0,0,0,1,0,1,0,1,0,1,0,0
MAULE,7305,RAUCO,1,1,0,0,0,0,1,1,1,0,1,0,0,1,1,0,0
MAULE,7405,RETIRO,1,0,0,0,0,0,1,0,1,0,0,0,0,0,0,0,0
MAULE,7108,RIO CLARO,1,0,1,1,1,0,1,0,1,0,1,0,0,1,1,0,0
MAULE,7306,ROMERAL,1,1,1,0,0,0,1,0,1,0,1,0,1,1,1,0,0
MAULE,7307,SAGRADA FAMILIA,1,1,0,0,0,0,1,1,1,0,1,0,0,1,0,0,0
MAULE,7109,SAN CLEMENTE,1,1,0,0,1,0,1,1,1,0,1,0,0,0,1,0,0
MAULE,7406,SAN JAVIER,1,0,1,0,0,0,1,1,1,0,1,0,0,1,1,0,0
MAULE,7110,SAN RAFAEL,0,0,0,0,0,0,1,1,1,0,1,0,0,0,1,0,0
MAULE,7101,TALCA,1,1,1,0,0,0,1,1,1,0,1,0,0,1,1,0,0
MAULE,7308,TENO,1,0,1,0,0,0,1,1,1,0,1,1,0,1,1,1,1
MAULE,7309,VICHUQUEN,1,0,0,0,0,0,1,1,1,0,1,0,0,0,1,0,0
MAULE,7407,VILLA ALEGRE,1,0,0,0,0,0,1,0,1,0,0,0,0,0,0,0,0
MAULE,7408,YERBAS BUENAS,1,1,0,0,0,0,1,1,1,0,0,0,0,0,1,0,0
BIOBIO,8314,ALTO BIOBIO,1,0,1,1,0,0,1,0,1,0,1,0,0,0,1,0,0
BIOBIO,8302,ANTUCO,1,0,0,0,0,0,1,0,0,0,1,0,0,0,1,0,0
BIOBIO,8202,ARAUCO,1,0,1,1,1,0,1,0,1,0,1,0,1,0,1,0,0
BIOBIO,16102,BULNES,1,0,1,0,1,0,1,0,0,0,0,0,0,1,0,0,0
BIOBIO,8303,CABRERO,1,0,0,0,0,0,1,0,1,0,1,0,0,1,1,0,0
BIOBIO,8203,CAÑETE,1,0,0,0,1,0,1,0,1,0,1,0,0,1,1,0,0
BIOBIO,8103,CHIGUAYANTE,1,0,1,0,1,0,1,1,1,0,0,0,0,0,0,0,0
BIOBIO,16101,CHILLAN,1,0,0,0,1,1,1,0,1,0,1,0,0,1,1,0,0
BIOBIO,16103,CHILLAN VIEJO,1,1,0,0,0,0,0,0,1,0,1,0,0,0,1,0,0
BIOBIO,16202,COBQUECURA,1,0,0,0,1,1,1,1,1,0,0,0,0,0,0,0,0
BIOBIO,16203,COELEMU,1,0,0,1,1,1,1,1,1,0,1,0,0,1,1,0,0
BIOBIO,16302,COIHUECO,1,0,0,1,0,0,1,0,1,0,1,0,0,0,1,0,0
BIOBIO,8101,CONCEPCION,1,0,0,0,1,1,1,0,1,1,1,0,1,0,1,0,0
BIOBIO,8204,CONTULMO,1,0,1,0,1,0,1,1,1,0,1,0,0,0,1,0,0
BIOBIO,8102,CORONEL,1,1,0,0,0,0,0,0,1,0,1,0,0,0,1,0,0
BIOBIO,8205,CURANILAHUE,1,0,1,1,1,0,1,1,1,0,1,0,0,0,1,0,0
BIOBIO,16104,EL CARMEN,1,1,0,0,0,0,0,0,1,0,1,0,0,0,1,0,0
BIOBIO,8104,FLORIDA,1,1,0,0,0,0,1,1,1,0,0,0,0,0,0,0,0
BIOBIO,8112,HUALPEN,1,0,1,0,1,0,1,1,1,0,1,0,1,0,1,0,0
BIOBIO,8105,HUALQUI,1,1,1,0,0,0,1,1,1,0,0,0,0,0,0,0,0
BIOBIO,8304,LAJA,1,1,1,0,1,0,1,1,1,0,1,0,0,0,1,0,0
BIOBIO,8201,LEBU,1,1,0,0,0,0,1,1,1,0,0,0,0,0,0,0,0
BIOBIO,8206,LOS ALAMOS,1,1,0,0,1,0,0,0,1,0,0,0,0,0,0,0,0
BIOBIO,8301,LOS ANGELES,1,0,0,0,0,0,1,1,1,0,1,0,1,0,1,0,1
BIOBIO,8106,LOTA,1,0,1,1,0,0,1,1,1,0,0,0,0,0,0,0,0
BIOBIO,8305,MULCHEN,1,0,0,0,0,0,1,1,1,0,1,0,0,0,1,0,0
BIOBIO,8306,NACIMIENTO,1,0,0,0,1,0,0,1,1,0,0,0,0,0,0,0,0
BIOBIO,8307,NEGRETE,1,0,0,0,0,0,1,0,1,0,1,0,0,0,1,0,0
BIOBIO,16204,NINHUE,1,1,1,0,0,0,1,1,1,0,0,0,0,0,0,0,0
BIOBIO,16303,ÑIQUEN,,,,,,,,,,,,,,,,,
BIOBIO,16105,PEMUCO,,,,,,,,,,,,,,,,,
BIOBIO,8107,PENCO,1,0,0,0,0,0,1,1,1,0,1,0,0,1,1,0,1
BIOBIO,16106,PINTO,1,0,0,0,0,0,1,1,1,0,1,0,0,1,1,0,0
BIOBIO,16205,PORTEZUELO,1,0,0,0,0,0,1,1,1,1,1,0,0,0,1,0,0
BIOBIO,8308,QUILACO,1,0,0,0,0,0,1,1,1,0,0,0,0,0,0,0,0
BIOBIO,8309,QUILLECO,1,0,1,0,0,0,1,1,1,0,1,0,1,1,1,0,0
BIOBIO,16107,QUILLON,0,0,0,0,0,0,0,1,1,0,0,0,0,0,0,0,0
BIOBIO,16201,QUIRIHUE,1,0,1,0,0,0,0,1,1,0,1,0,0,1,1,0,0
BIOBIO,,RANQUIL,1,0,0,0,0,0,1,1,1,0,0,0,0,0,0,0,0
BIOBIO,16301,SAN CARLOS,1,1,0,0,0,0,1,1,1,0,1,0,0,1,1,0,0
BIOBIO,16304,SAN FABIAN,0,0,0,0,0,1,1,1,1,0,1,0,0,1,1,0,0
BIOBIO,16108,SAN IGNACIO,1,0,0,0,1,0,1,1,0,0,1,0,0,0,1,0,0
BIOBIO,16305,SAN NICOLAS,1,1,0,0,0,0,0,0,1,0,1,0,0,0,1,0,0
BIOBIO,8108,SAN PEDRO DE LA PAZ,1,1,0,0,1,1,1,1,1,0,0,0,0,0,0,0,0
BIOBIO,8310,SAN ROSENDO,1,0,0,0,0,0,1,1,1,0,1,0,0,0,1,0,0
BIOBIO,8311,SANTA BARBARA,1,0,0,1,0,0,1,1,1,0,1,0,1,0,1,0,0
BIOBIO,8109,SANTA JUANA,1,0,0,1,1,1,1,1,1,0,0,0,1,0,0,0,0
BIOBIO,8110,TALCAHUANO,1,1,0,0,1,0,1,0,1,1,1,0,1,0,1,0,0
BIOBIO,8207,TIRUA,,,,,,,,,,,,,,,,,
BIOBIO,8111,TOME,1,0,0,0,1,1,1,0,1,0,1,0,0,0,1,0,1
BIOBIO,16207,TREGUACO,1,0,1,0,0,0,0,0,0,0,0,0,0,0,0,0,0
BIOBIO,8312,TUCAPEL,1,0,1,0,1,1,1,1,1,0,1,0,0,0,1,0,0
BIOBIO,8313,YUMBEL,1,0,0,0,1,0,1,0,1,0,1,0,1,1,1,0,0
BIOBIO,16109,YUNGAY,1,1,1,0,0,0,1,1,1,0,1,0,0,0,1,0,0
DE LA ARAUCANIA,9201,ANGOL,1,0,0,0,1,0,1,0,1,0,1,0,0,1,1,0,0
DE LA ARAUCANIA,9102,CARAHUE,1,1,0,0,1,0,1,0,1,0,1,0,0,0,1,0,0
DE LA ARAUCANIA,9121,CHOLCHOL,1,0,0,0,1,0,0,0,0,0,1,0,0,0,1,0,0
DE LA ARAUCANIA,9202,COLLIPULLI,1,0,1,1,0,0,1,1,1,0,1,0,0,1,1,0,0
DE LA ARAUCANIA,9103,CUNCO,,,,,,,,,,,,,,,,,
DE LA ARAUCANIA,9203,CURACAUTIN,1,0,0,0,0,0,1,1,1,0,1,0,0,0,1,0,0
DE LA ARAUCANIA,9104,CURARREHUE,1,0,0,0,1,0,1,1,1,0,0,0,0,0,0,0,0
DE LA ARAUCANIA,9204,ERCILLA,1,0,0,1,1,0,1,1,1,0,0,0,0,0,0,0,0
DE LA ARAUCANIA,9105,FREIRE,1,1,1,0,0,0,1,0,1,1,1,0,0,0,1,0,0
DE LA ARAUCANIA,9106,GALVARINO,1,0,1,0,0,0,1,0,1,0,1,0,0,0,1,0,0
DE LA ARAUCANIA,9107,GORBEA,1,0,0,0,1,1,0,1,1,0,1,0,0,0,1,0,0
DE LA ARAUCANIA,9108,LAUTARO,1,0,1,0,0,0,1,0,1,0,1,0,0,0,1,0,0
DE LA ARAUCANIA,9109,LONCOCHE,1,0,1,1,1,0,1,1,1,0,1,0,0,0,1,0,0
DE LA ARAUCANIA,9205,LONQUIMAY,1,0,1,0,1,0,1,0,0,0,1,0,0,0,1,0,0
DE LA ARAUCANIA,9206,LOS SAUCES,1,0,1,0,1,0,1,0,1,0,1,0,0,0,1,0,0
DE LA ARAUCANIA,9207,LUMACO,1,1,1,0,0,1,1,1,1,0,0,0,0,0,0,0,0
DE LA ARAUCANIA,9110,MELIPEUCO,0,0,1,0,1,0,1,1,1,0,0,0,0,0,0,0,0
DE LA ARAUCANIA,9111,NUEVA IMPERIAL,1,0,1,0,1,0,1,1,1,0,0,0,0,0,0,0,0
DE LA ARAUCANIA,9112,PADRE LAS CASAS,1,0,0,0,0,0,0,1,1,0,1,0,0,0,1,0,0
DE LA ARAUCANIA,9113,PERQUENCO,1,0,0,0,0,0,0,1,1,0,1,0,0,1,1,1,1
DE LA ARAUCANIA,9114,PITRUFQUEN,1,0,0,0,0,0,1,1,1,0,1,0,0,1,1,1,1
DE LA ARAUCANIA,9115,PUCON,1,0,0,1,0,0,1,1,1,0,1,0,0,1,1,0,0
DE LA ARAUCANIA,9208,PUREN,1,0,0,0,0,0,1,1,1,0,0,0,0,0,0,0,0
DE LA ARAUCANIA,9209,RENAICO,,,,,,,,,,,,,,,,,
DE LA ARAUCANIA,9116,SAAVEDRA,1,1,1,1,1,0,1,1,1,0,1,1,0,1,1,1,0
DE LA ARAUCANIA,9101,TEMUCO,1,0,1,1,1,0,1,1,1,0,1,1,1,1,1,0,0
DE LA ARAUCANIA,9117,TEODORO SCHMIDT,1,1,1,0,1,0,0,0,1,0,1,0,0,0,1,0,0
DE LA ARAUCANIA,9118,TOLTEN,1,0,1,0,0,0,1,1,1,0,1,0,0,1,1,0,0
DE LA ARAUCANIA,9210,TRAIGUEN,1,0,1,0,0,0,1,1,1,0,1,0,0,0,1,0,0
DE LA ARAUCANIA,9211,VICTORIA,1,0,0,0,1,0,0,1,1,0,1,0,0,0,1,0,0
DE LA ARAUCANIA,9119,VILCUN,1,0,0,0,1,1,1,1,1,0,1,0,0,0,1,0,1
DE LA ARAUCANIA,9120,VILLARRICA,1,0,1,1,1,0,1,1,1,0,1,0,1,1,1,0,0
DE LOS RIOS,14102,CORRAL,1,0,1,0,0,0,1,1,1,0,1,0,1,1,1,0,0
DE LOS RIOS,14202,FUTRONO,1,0,0,0,1,0,0,0,1,0,1,0,0,0,1,0,0
DE LOS RIOS,14203,LAGO RANCO ,1,1,0,0,0,0,1,1,1,1,1,0,0,1,1,0,0
DE LOS RIOS,14103,LANCO,1,1,0,0,0,0,1,0,1,0,1,0,1,0,1,1,1
DE LOS RIOS,14201,LA UNION,1,0,0,0,1,1,1,1,1,0,0,0,0,0,0,0,0
DE LOS RIOS,14104,LOS LAGOS,1,0,0,0,1,1,1,1,1,0,1,1,1,0,1,0,0
DE LOS RIOS,,MAFIL,1,1,1,0,0,0,1,1,1,0,1,0,1,1,1,0,0
DE LOS RIOS,14106,MARIQUINA,1,0,1,0,0,0,1,1,1,0,1,0,0,1,1,0,0
DE LOS RIOS,14107,PAILLACO,1,1,0,0,0,0,1,0,1,0,1,0,0,0,1,0,0
DE LOS RIOS,14108,PANGUIPULLI,1,1,0,0,1,0,1,1,1,0,1,0,1,1,1,0,0
DE LOS RIOS,14204,RIO BUENO,0,0,0,0,0,0,0,0,1,0,1,0,1,0,1,0,0
DE LOS RIOS,14101,VALDIVIA,1,1,1,0,1,1,1,0,1,0,1,0,0,1,1,0,0
LOS LAGOS,10202,ANCUD,1,0,1,1,1,0,1,1,1,0,1,0,0,0,1,0,0
LOS LAGOS,10102,CALBUCO,1,1,0,0,0,0,0,1,0,0,1,0,1,0,1,1,1
LOS LAGOS,10201,CASTRO,1,1,0,0,1,0,1,0,1,0,1,0,1,0,1,0,0
LOS LAGOS,10401,CHAITEN,1,0,0,0,0,1,1,1,1,0,0,0,0,0,0,0,0
LOS LAGOS,10203,CHONCHI,1,1,0,0,1,0,1,1,1,0,1,0,0,0,1,0,0
LOS LAGOS,10103,COCHAMO,1,0,0,0,0,1,1,0,1,0,1,0,0,1,1,0,0
LOS LAGOS,10204,CURACO DE VELEZ,1,0,1,0,0,0,1,1,1,0,1,0,0,0,1,0,0
LOS LAGOS,10205,DALCAHUE,1,0,0,0,0,0,1,1,1,0,1,0,0,0,1,0,0
LOS LAGOS,10104,FRESIA,1,0,0,0,0,0,0,0,1,0,1,0,0,0,1,0,0
LOS LAGOS,10105,FRUTILLAR,1,1,0,0,0,0,1,1,1,0,1,0,0,0,1,0,0
LOS LAGOS,10402,FUTALEUFU,1,0,0,0,1,1,1,1,1,0,0,0,0,0,0,0,0
LOS LAGOS,10403,HUALAIHUE,1,0,0,0,1,1,1,1,1,0,1,0,1,0,1,0,0
LOS LAGOS,10107,LLANQUIHUE,1,0,0,1,1,0,1,0,1,0,1,0,0,0,1,0,0
LOS LAGOS,10106,LOS MUERMOS,1,1,0,0,1,1,1,0,1,0,1,0,1,0,1,0,0
LOS LAGOS,10108,MAULLIN,1,0,0,0,1,0,1,1,0,0,0,0,0,0,0,0,0
LOS LAGOS,10301,OSORNO,1,0,0,0,0,0,1,0,1,0,1,0,1,0,1,0,0
LOS LAGOS,10404,PALENA,1,1,1,0,1,1,1,1,1,0,0,0,0,0,0,0,0
LOS LAGOS,10101,PUERTO MONTT,1,0,1,1,1,1,1,1,1,0,1,1,1,0,1,0,0
LOS LAGOS,10302,PUERTO OCTAY,1,0,0,0,0,0,1,1,1,0,1,0,0,0,1,0,1
LOS LAGOS,10109,PUERTO VARAS,1,0,1,1,0,0,1,1,1,0,1,0,0,1,1,0,0
LOS LAGOS,10206,PUQUELDON,1,0,0,0,0,0,0,1,1,0,1,0,0,0,1,0,0
LOS LAGOS,10303,PURRANQUE,1,0,1,1,0,0,1,0,1,0,1,0,1,0,1,0,0
LOS LAGOS,10304,PUYEHUE,1,0,0,0,1,1,1,0,1,0,0,0,0,0,0,0,0
LOS LAGOS,10207,QUEILEN,1,1,0,1,1,0,1,1,1,0,1,0,1,0,1,0,0
LOS LAGOS,10208,QUELLON,1,0,0,0,0,0,0,0,1,0,0,0,1,0,0,0,0
LOS LAGOS,10209,QUEMCHI,1,1,1,0,0,0,1,0,1,0,0,0,0,0,0,0,0
LOS LAGOS,10210,QUINCHAO,1,1,1,0,0,0,1,0,1,0,0,0,0,0,0,0,0
LOS LAGOS,10305,RIO NEGRO,1,0,0,0,0,1,1,0,1,0,0,0,0,0,0,0,0
LOS LAGOS,10306,SAN JUAN DE LA COSTA,1,1,0,0,0,0,1,0,1,0,0,0,0,0,0,0,0
LOS LAGOS,10307,SAN PABLO,1,0,0,0,1,0,1,0,1,0,0,0,0,0,0,0,0
AISEN,11201,AISEN,1,0,1,0,1,1,1,1,1,0,1,0,0,1,1,0,0
AISEN,11401,CHILE CHICO,1,0,1,0,1,1,1,1,1,0,1,0,1,1,1,1,1
AISEN,11202,CISNES,0,0,0,0,0,0,1,1,1,0,1,0,0,1,1,0,0
AISEN,11301,COCHRANE,1,0,1,0,1,1,1,1,1,0,0,0,0,0,0,0,0
AISEN,11101,COYHAIQUE,1,0,1,0,1,0,1,1,1,0,1,0,1,1,1,0,0
AISEN,11203,GUAITECAS,1,1,1,0,1,0,1,1,1,0,1,0,0,0,1,0,0
AISEN,11102,LAGO VERDE,1,1,0,0,0,0,1,1,1,0,1,0,1,0,1,0,0
AISEN,11302,O'HIGGINS,1,0,0,0,1,1,1,1,1,0,0,0,0,0,0,0,0
AISEN,11402,RIO IBAÑEZ,1,0,0,0,0,0,1,0,1,0,0,0,0,0,0,0,0
AISEN,11303,TORTEL,0,0,0,0,0,0,0,1,1,0,1,0,0,0,1,0,0
MAGALLANES,12201,CABO DE HORNOS,1,0,0,1,0,0,1,0,1,0,1,0,1,1,1,0,0
MAGALLANES,12102,LAGUNA BLANCA,1,0,0,0,0,0,0,1,1,0,0,1,1,1,1,0,0
MAGALLANES,12401,NATALES,1,0,1,1,1,0,1,0,1,0,1,0,1,1,1,0,0
MAGALLANES,12301,PORVENIR,1,0,0,1,0,0,1,0,1,0,1,0,0,1,1,0,0
MAGALLANES,12302,PRIMAVERA,1,0,0,0,0,0,1,1,1,0,0,0,0,0,0,0,0
MAGALLANES,12101,PUNTA ARENAS,1,1,0,0,0,0,1,1,0,0,0,0,0,0,0,0,0
MAGALLANES,12103,RIO VERDE,1,1,0,0,1,0,1,1,1,0,0,0,0,0,0,0,0
MAGALLANES,12104,SAN GREGORIO,1,1,0,0,1,0,1,1,0,0,0,0,0,0,0,0,0
MAGALLANES,12303,TIMAUKEL,1,0,0,0,1,1,1,1,1,0,0,0,0,0,0,0,0
MAGALLANES,12402,TORRES DEL PAINE,1,1,0,0,1,1,1,1,1,0,1,0,0,0,1,0,0
